{"InitialCoordinates": [31.364670079471978, -80.92109463550392], "DestCoordinates": [31.36711573492788, -80.9085562603675]}